Username                 ,UserID
yesterday                , 135529683449151489
mr2194                   , 662802613615460399
geiger6798               , 238927688985739264
tsukiyukimiyako          , 671158508850380832
jasonlazy                , 107290301114159104
jamesabroad              , 137357552504668160
hieudis                  , 117789515359191044
hwyn                     , 188655571069698049
_aurorafae               , 213621704407121920
scallionboy              , 150119811517644800
somsom                   , 260225507306504192
hrdfndtgmkhkgjdhrsed4yhg , 232042856338948096
pumpedchef               , 208518970859454464
crism                    , 267134799548776449
tripiepoint              , 708808817814667275
.thebutler               , 191288830567907328
kylekazee                , 114503078819921922
whozawat                 , 101140442191532032
kimnamjoo                , 168969427830833152
ck615325                 , 354386437363204099
jasphiro                 , 247196374771171330
rangduhang7              , 164113437650190336
zenlos                   , 101094647773798400
daivyy                   , 227630373847171082
jibber3090               , 720718502859767848
9895_1                   , 377357223522729985
_d22                     , 361194598015434753
zweihandr                , 192851600727867392
nuggetsfansincemay2023   ,1017593143195078699
polygon3879              , 308479702086189058
timahto                  , 451244729796132874
nubskii                  , 282966925519093761
joshnguyen               , 244232690058919937
vyndrenor                , 233674314107453440
.sungod                  ,  97884429887754240
itooclassy               , 734898185394192425
brickyards               , 689637816606654496
tommyzhu121              , 145721111689035776
impartial                , 170922553353699328
kaiser22_                , 235858623710887939
jeps                     , 138180953158844416
shinobiwarrior           , 267557901374193665
raiders4447              , 621559916078825500
sesh                     , 616754792965865495
chaewonfan0801           , 150088108929581056
Tony                     , 160456543295373313
RentABot                 ,1110459232131751947
darkyoshimo              , 220394266470383616
shishi9851               , 108730938501955584
chronooo                 , 128442423323000832
FreshPrince              , 106169868436406272
thehennygod              , 213867755575705601
k3anu_                   , 753375250355454056
seroknot                 , 161224768400523264
theoriginalmepole        , 315300881279090688
pbop1514                 , 228318554489880587
shiestysea               ,1079449404777439274
Lyndon                   , 170528612691214336
muncheezy                , 737865405183426632
rich.c                   , 463366244888870912
turtlestwizard           , 191289337562923009
lololololol              , 328943357617504270
freshfluffybuns          , 243812698779942915
voidluifer               , 393249487402827776
carlo97.                 , 617099678563041327
theemulator              , 104686019709792256
aznquan                  , 280188807305756672
immigenshop              , 116691433095823361
tommii                   , 204449761732853760
jihk                     , 162400274063818753
Kamuratsu                , 170002984539914241
petorio                  , 194885516330532865
fellinstern              , 305736038007963659
byoo77                   , 122784445362208768
arty_churro              , 212080803667116033
liito14                  , 186319902548819968
xeunie                   , 196528329359228928
paully3580               , 594677120698155019
khaysinh                 , 219619537987960832
mrrotterdam              , 447113550650015756
halfness                 ,  79476533101592576
jasky                    , 132947691809275904
owieoward                , 256631128411209730
lottleturtle             , 102514896687616000
JakeFromStatefarm        , 135266742514483200
basa_                    , 177767972817993728
xmasghost                , 108822035777482752
onyxgrey                 ,  99708633964613632
seiina                   ,  74145025641943040
whysongu                 , 379416413896441877
asian_lee123             , 157966896023470081
fossilnet                , 121536041013215232
shappington              ,1149440355448655902
aru_ura                  , 105496885933924352
albysus                  , 213960789319483394
ultraaardvark            , 228752573597876224
joesip                   , 528658743462854659
janarc                   , 236233624091885568
blvckzilla               , 207998506714005505
zlogey                   , 231609182539743232
notalmighty              , 293257767916011520
hyrullein                , 339318753332428814
zenply                   , 652207278761443361
ansidox                  , 162679662634467328
roman.empire_            , 135143083116331008
itooclassy               , 317491426588098561
NotAlmighty2             ,1064844737074434098
.gral                    , 989031361291649025
aihori                   , 152919310795407360
scroogyy                 , 170152406808526848
Polygon                  , 944045810717446234
nguyenpeter              , 172950330559037440
ShadowJosh               , 202177648204578816
excelyde                 ,  82996274038575104
slf1remtn                , 346873474255421440
aliwosu                  , 820893177417564162
proxy._.                 ,  90590608741134336
atobe112                 , 232462718693539840
a_loner                  , 364412135050313733
slightlyboredguy         , 722975436564463628
noobntrain               , 393140775699087362
bookofdays               ,  82997943187013632
rentaloser               ,1063570247753416846
joostinkim               , 689673138706841641
florence331              , 277589378375876609
genshin.impact.          , 652216842244587533
rexavert                 , 118075423463702528
crispypanda.             , 748335548808167436
chrisqt                  , 282967135821758466
raddood                  , 186651018870652928
xynh                     , 148185453235929088
emsterr                  , 662281183777783819
potatoyo7                , 199994373377753088
spamjunkie               , 156159913742041088
hedgehoggo               , 268590686834524160
papasmurfette            , 157631832718966786
chenyboy                 , 150987597529874432
ydna_                    , 205076584158199817
bididoof                 , 146144844828377088
kuhakuwu                 , 119469410648850433
franksworld              , 317584034517614593
joseph7772               , 126172029387931649
anima_anima              , 139208070101336066
kuraichii                , 409853801223290892
sweatyviet               , 157614622323507201
mysterion__              , 167717014029205504
xelnova                  , 161190341997756416
singing_emoji            , 340848283242987521
jumblywumbly             , 188406806442278912
trashcan1259             , 283817445464997888
sweatcellgaming          , 253843003645493249
jco                      , 138460474751582209
lisete                   ,  71701372654858240
cha6171                  , 127657991867465728
ll9861                   , 142912270060617728
iamsostrongandsexy       , 239817555299139585
